id,object,gripper_finger_1_joint,gripper_finger_2_joint,direction,qw,qx,qy,qz,pos-x,pos-y,pos-z,eps_l1,vol_l1,
0,corn_flakes_package,-0.15,1,SIDE,0.707106781,0,0.707106781,0,-200,0,150,0.01,0.0005,0
1,corn_flakes_package,-0.15,1,SIDE,0,0.707106781,0,0.707106781,-200,0,150,0.01,0.0005,1
2,corn_flakes_package,-0.15,1,SIDE,0,0.707106781,0,-0.707106781,-200,0,150,0.01,0.0005,2
3,corn_flakes_package,-0.15,1,SIDE,0.707106781,0,0.707106781,0,-200,0,150,0.01,0.0005,3
4,corn_flakes_package,-0.15,1,SIDE,0.705,-0.05454356,-0.705,-0.05454356,195,-20,80,0.01,0.0005,4
5,corn_flakes_package,-0.15,1,SIDE,0.705,-0.05454356,-0.705,-0.05454356,195,-20,120,0.01,0.0005,5
6,corn_flakes_package,-0.15,1,SIDE,0.705,-0.05454356,-0.705,-0.05454356,195,-20,160,0.01,0.0005,6
7,corn_flakes_package,-0.15,1,SIDE,0.705,-0.05454356,-0.705,-0.05454356,195,-20,200,0.01,0.0005,7
